name,index,start_x,start_y,end_x,end_y,center_x,center_y,length,yaw,width,height
tunnel_segment_01,1,-22.000000,-8.000000,-16.000000,-8.000000,-19.000000,-8.000000,6.000000,0.000000,4.400000,3.800000
tunnel_segment_02,2,-16.000000,-8.000000,-11.000000,-5.000000,-13.500000,-6.500000,5.830952,0.540420,4.600000,4.200000
tunnel_segment_03,3,-11.000000,-5.000000,-7.000000,1.000000,-9.000000,-2.000000,7.211103,0.982794,4.200000,3.500000
tunnel_segment_04,4,-7.000000,1.000000,-1.000000,5.000000,-4.000000,3.000000,7.211103,0.588003,4.800000,4.000000
tunnel_segment_05,5,-1.000000,5.000000,6.000000,5.000000,2.500000,5.000000,7.000000,0.000000,4.400000,3.600000
tunnel_segment_06,6,6.000000,5.000000,12.000000,1.000000,9.000000,3.000000,7.211103,-0.588003,4.600000,4.400000
tunnel_segment_07,7,12.000000,1.000000,16.000000,-5.000000,14.000000,-2.000000,7.211103,-0.982794,4.200000,3.700000
tunnel_segment_08,8,16.000000,-5.000000,22.000000,-5.000000,19.000000,-5.000000,6.000000,0.000000,4.800000,4.100000
